Дата,День,Область,Чи буде тривога?,Ймовірність (%),Час початку,Тип загрози,Тривалість (хв)
2022-10-16,Неділя,Kirovohradska oblast,Так,100.0,13:00 - 14:00,Балістика (Тилові),24
2022-10-16,Неділя,Donetska oblast,Так,100.0,07:00 - 08:00,Крилаті ракети / МіГ,58
2022-10-16,Неділя,Dnipropetrovska oblast,Так,100.0,18:00 - 19:00,Комбінована атака,480
2022-10-16,Неділя,Kharkivska oblast,Так,100.0,14:00 - 15:00,Крилаті ракети / МіГ,58
2022-10-16,Неділя,Zaporizka oblast,Так,100.0,19:00 - 20:00,Обстріл / Швидка балістика,24
2022-10-16,Неділя,Mykolaivska oblast,Так,96.7,14:00 - 15:00,Обстріл / Швидка балістика,26
2022-10-16,Неділя,Poltavska oblast,Так,93.3,14:00 - 15:00,Балістика (Тилові),25
2022-10-16,Неділя,Cherkaska oblast,Так,90.0,13:00 - 14:00,Балістика (Тилові),24
2022-10-16,Неділя,Odeska oblast,Так,86.7,21:00 - 22:00,Обстріл / Швидка балістика,25
2022-10-16,Неділя,Sumska oblast,Так,83.3,08:00 - 09:00,Крилаті ракети / МіГ,61
2022-10-16,Неділя,Zhytomyrska oblast,Так,76.7,15:00 - 16:00,Балістика (Тилові),23
2022-10-16,Неділя,Kyivska oblast,Так,76.7,15:00 - 16:00,Балістика (Тилові),24
2022-10-16,Неділя,Kyiv City,Так,76.7,15:00 - 16:00,Балістика (Тилові),24
2022-10-16,Неділя,Vinnytska oblast,Так,73.3,15:00 - 16:00,Балістика (Тилові),23
2022-10-16,Неділя,Chernihivska oblast,Так,73.3,06:00 - 07:00,Крилаті ракети / МіГ,62
2022-10-16,Неділя,Rivnenska oblast,Так,60.0,07:00 - 08:00,Крилаті ракети / МіГ,60
2022-10-16,Неділя,Volynska oblast,Так,60.0,07:00 - 08:00,Крилаті ракети / МіГ,59
2022-10-16,Неділя,Khmelnytska oblast,Так,56.7,15:00 - 16:00,Крилаті ракети / МіГ,61
2022-10-16,Неділя,Ivano-Frankivska oblast,Так,56.7,15:00 - 16:00,Крилаті ракети / МіГ,60
2022-10-16,Неділя,Lvivska oblast,Так,56.7,15:00 - 16:00,Крилаті ракети / МіГ,60
2022-10-16,Неділя,Ternopilska oblast,Так,56.7,15:00 - 16:00,Крилаті ракети / МіГ,61
2022-10-16,Неділя,Zakarpatska oblast,Так,53.3,15:00 - 16:00,Крилаті ракети / МіГ,62
2022-10-16,Неділя,Chernivetska oblast,Так,50.0,15:00 - 16:00,Балістика (Тилові),24
2022-10-16,Неділя,Khersonska oblast,Так,30.0,14:00 - 15:00,Обстріл / Швидка балістика,25
2022-10-17,Понеділок,Mykolaivska oblast,Так,100.0,01:00 - 02:00,Крилаті ракети / МіГ,57
2022-10-17,Понеділок,Donetska oblast,Так,100.0,01:00 - 02:00,Крилаті ракети / МіГ,58
2022-10-17,Понеділок,Kharkivska oblast,Так,100.0,01:00 - 02:00,Обстріл / Швидка балістика,24
2022-10-17,Понеділок,Zaporizka oblast,Так,100.0,02:00 - 03:00,Обстріл / Швидка балістика,24
2022-10-17,Понеділок,Kirovohradska oblast,Так,96.7,01:00 - 02:00,Балістика (Тилові),24
2022-10-17,Понеділок,Dnipropetrovska oblast,Так,96.7,10:00 - 11:00,Обстріл / Швидка балістика,24
2022-10-17,Понеділок,Poltavska oblast,Так,93.3,01:00 - 02:00,Балістика (Тилові),25
2022-10-17,Понеділок,Odeska oblast,Так,93.3,04:00 - 05:00,Комбінована атака,230
2022-10-17,Понеділок,Cherkaska oblast,Так,90.0,04:00 - 05:00,Крилаті ракети / МіГ,61
2022-10-17,Понеділок,Sumska oblast,Так,90.0,01:00 - 02:00,Обстріл / Швидка балістика,27
2022-10-17,Понеділок,Vinnytska oblast,Так,80.0,04:00 - 05:00,Крилаті ракети / МіГ,60
2022-10-17,Понеділок,Zhytomyrska oblast,Так,76.7,04:00 - 05:00,Комбінована атака,263
2022-10-17,Понеділок,Chernihivska oblast,Так,76.7,01:00 - 02:00,Обстріл / Швидка балістика,24
2022-10-17,Понеділок,Kyivska oblast,Так,73.3,03:00 - 04:00,Комбінована атака,242
2022-10-17,Понеділок,Kyiv City,Так,73.3,03:00 - 04:00,Комбінована атака,243
2022-10-17,Понеділок,Khmelnytska oblast,Так,60.0,04:00 - 05:00,Комбінована атака,250
2022-10-17,Понеділок,Rivnenska oblast,Так,60.0,04:00 - 05:00,Балістика (Тилові),24
2022-10-17,Понеділок,Volynska oblast,Так,60.0,04:00 - 05:00,Балістика (Тилові),24
2022-10-17,Понеділок,Ivano-Frankivska oblast,Так,53.3,04:00 - 05:00,Балістика (Тилові),26
2022-10-17,Понеділок,Chernivetska oblast,Так,53.3,04:00 - 05:00,Комбінована атака,294
2022-10-17,Понеділок,Ternopilska oblast,Так,50.0,04:00 - 05:00,Балістика (Тилові),24
2022-10-17,Понеділок,Zakarpatska oblast,Так,50.0,04:00 - 05:00,Балістика (Тилові),24
2022-10-17,Понеділок,Lvivska oblast,Так,46.7,04:00 - 05:00,Балістика (Тилові),26
2022-10-17,Понеділок,Khersonska oblast,Так,40.0,01:00 - 02:00,Крилаті ракети / МіГ,58
2022-10-18,Вівторок,Mykolaivska oblast,Так,100.0,21:00 - 22:00,Крилаті ракети / МіГ,57
2022-10-18,Вівторок,Kirovohradska oblast,Так,100.0,02:00 - 03:00,Балістика (Тилові),24
2022-10-18,Вівторок,Donetska oblast,Так,100.0,13:00 - 14:00,Обстріл / Швидка балістика,22
2022-10-18,Вівторок,Dnipropetrovska oblast,Так,100.0,16:00 - 17:00,Обстріл / Швидка балістика,24
2022-10-18,Вівторок,Kharkivska oblast,Так,100.0,11:00 - 12:00,Обстріл / Швидка балістика,24
2022-10-18,Вівторок,Cherkaska oblast,Так,96.8,22:00 - 23:00,Балістика (Тилові),24
2022-10-18,Вівторок,Poltavska oblast,Так,96.8,00:00 - 01:00,Балістика (Тилові),25
2022-10-18,Вівторок,Zaporizka oblast,Так,93.5,20:00 - 21:00,Обстріл / Швидка балістика,24
2022-10-18,Вівторок,Sumska oblast,Так,90.3,00:00 - 01:00,Крилаті ракети / МіГ,61
2022-10-18,Вівторок,Odeska oblast,Так,83.9,21:00 - 22:00,Обстріл / Швидка балістика,25
2022-10-18,Вівторок,Vinnytska oblast,Так,80.6,02:00 - 03:00,Балістика (Тилові),23
2022-10-18,Вівторок,Chernihivska oblast,Так,80.6,02:00 - 03:00,Обстріл / Швидка балістика,24
2022-10-18,Вівторок,Zhytomyrska oblast,Так,77.4,02:00 - 03:00,Балістика (Тилові),23
2022-10-18,Вівторок,Kyivska oblast,Так,77.4,22:00 - 23:00,Балістика (Тилові),24
2022-10-18,Вівторок,Kyiv City,Так,77.4,23:00 - 00:00,Балістика (Тилові),24
2022-10-18,Вівторок,Khmelnytska oblast,Так,64.5,04:00 - 05:00,Комбінована атака,250
2022-10-18,Вівторок,Rivnenska oblast,Так,64.5,05:00 - 06:00,Комбінована атака,218
2022-10-18,Вівторок,Ivano-Frankivska oblast,Так,61.3,05:00 - 06:00,Комбінована атака,235
2022-10-18,Вівторок,Lvivska oblast,Так,61.3,05:00 - 06:00,Комбінована атака,253
2022-10-18,Вівторок,Volynska oblast,Так,61.3,05:00 - 06:00,Комбінована атака,428
2022-10-18,Вівторок,Ternopilska oblast,Так,61.3,05:00 - 06:00,Комбінована атака,329
2022-10-18,Вівторок,Zakarpatska oblast,Так,58.1,05:00 - 06:00,Комбінована атака,244
2022-10-18,Вівторок,Chernivetska oblast,Так,54.8,04:00 - 05:00,Комбінована атака,294
2022-10-18,Вівторок,Khersonska oblast,Так,29.0,09:00 - 10:00,Обстріл / Швидка балістика,25
2022-10-19,Середа,Mykolaivska oblast,Так,100.0,15:00 - 16:00,Обстріл / Швидка балістика,26
2022-10-19,Середа,Donetska oblast,Так,100.0,00:00 - 01:00,Обстріл / Швидка балістика,22
2022-10-19,Середа,Dnipropetrovska oblast,Так,100.0,17:00 - 18:00,Комбінована атака,480
2022-10-19,Середа,Kharkivska oblast,Так,100.0,21:00 - 22:00,Обстріл / Швидка балістика,24
2022-10-19,Середа,Zaporizka oblast,Так,100.0,06:00 - 07:00,Обстріл / Швидка балістика,24
2022-10-19,Середа,Poltavska oblast,Так,96.8,07:00 - 08:00,Балістика (Тилові),25
2022-10-19,Середа,Cherkaska oblast,Так,90.3,21:00 - 22:00,Балістика (Тилові),24
2022-10-19,Середа,Kirovohradska oblast,Так,90.3,21:00 - 22:00,Балістика (Тилові),24
2022-10-19,Середа,Odeska oblast,Так,90.3,01:00 - 02:00,Обстріл / Швидка балістика,25
2022-10-19,Середа,Sumska oblast,Так,83.9,02:00 - 03:00,Обстріл / Швидка балістика,27
2022-10-19,Середа,Kyiv City,Так,74.2,02:00 - 03:00,Балістика (Тилові),24
2022-10-19,Середа,Kyivska oblast,Так,71.0,02:00 - 03:00,Крилаті ракети / МіГ,61
2022-10-19,Середа,Chernihivska oblast,Так,71.0,14:00 - 15:00,Обстріл / Швидка балістика,24
2022-10-19,Середа,Khmelnytska oblast,Так,64.5,14:00 - 15:00,Ударні БПЛА / Довгий МіГ,119
2022-10-19,Середа,Volynska oblast,Так,64.5,15:00 - 16:00,Балістика (Тилові),24
2022-10-19,Середа,Vinnytska oblast,Так,61.3,02:00 - 03:00,Балістика (Тилові),23
2022-10-19,Середа,Zhytomyrska oblast,Так,61.3,15:00 - 16:00,Балістика (Тилові),23
2022-10-19,Середа,Rivnenska oblast,Так,61.3,15:00 - 16:00,Крилаті ракети / МіГ,60
2022-10-19,Середа,Ivano-Frankivska oblast,Так,58.1,04:00 - 05:00,Балістика (Тилові),26
2022-10-19,Середа,Ternopilska oblast,Так,58.1,14:00 - 15:00,Ударні БПЛА / Довгий МіГ,126
2022-10-19,Середа,Lvivska oblast,Так,48.4,04:00 - 05:00,Балістика (Тилові),26
2022-10-19,Середа,Chernivetska oblast,Так,45.2,04:00 - 05:00,Комбінована атака,294
2022-10-19,Середа,Zakarpatska oblast,Так,45.2,04:00 - 05:00,Балістика (Тилові),24
2022-10-19,Середа,Khersonska oblast,Так,32.3,01:00 - 02:00,Крилаті ракети / МіГ,58
2022-10-20,Четвер,Kharkivska oblast,Так,100.0,21:00 - 22:00,Обстріл / Швидка балістика,24
2022-10-20,Четвер,Donetska oblast,Так,96.8,06:00 - 07:00,Обстріл / Швидка балістика,22
2022-10-20,Четвер,Dnipropetrovska oblast,Так,96.8,21:00 - 22:00,Обстріл / Швидка балістика,24
2022-10-20,Четвер,Zaporizka oblast,Так,96.8,07:00 - 08:00,Обстріл / Швидка балістика,24
2022-10-20,Четвер,Mykolaivska oblast,Так,93.5,13:00 - 14:00,Обстріл / Швидка балістика,26
2022-10-20,Четвер,Kirovohradska oblast,Так,93.5,12:00 - 13:00,Балістика (Тилові),24
2022-10-20,Четвер,Cherkaska oblast,Так,90.3,12:00 - 13:00,Балістика (Тилові),24
2022-10-20,Четвер,Poltavska oblast,Так,90.3,06:00 - 07:00,Балістика (Тилові),25
2022-10-20,Четвер,Odeska oblast,Так,90.3,15:00 - 16:00,Обстріл / Швидка балістика,25
2022-10-20,Четвер,Vinnytska oblast,Так,87.1,00:00 - 01:00,Ударні БПЛА / Довгий МіГ,126
2022-10-20,Четвер,Sumska oblast,Так,87.1,06:00 - 07:00,Обстріл / Швидка балістика,27
2022-10-20,Четвер,Chernihivska oblast,Так,83.9,10:00 - 11:00,Обстріл / Швидка балістика,24
2022-10-20,Четвер,Zhytomyrska oblast,Так,80.6,02:00 - 03:00,Балістика (Тилові),23
2022-10-20,Четвер,Kyiv City,Так,80.6,02:00 - 03:00,Балістика (Тилові),24
2022-10-20,Четвер,Kyivska oblast,Так,77.4,02:00 - 03:00,Крилаті ракети / МіГ,61
2022-10-20,Четвер,Rivnenska oblast,Так,67.7,02:00 - 03:00,Балістика (Тилові),24
2022-10-20,Четвер,Volynska oblast,Так,67.7,02:00 - 03:00,Балістика (Тилові),24
2022-10-20,Четвер,Lvivska oblast,Так,64.5,02:00 - 03:00,Балістика (Тилові),26
2022-10-20,Четвер,Ternopilska oblast,Так,64.5,02:00 - 03:00,Балістика (Тилові),24
2022-10-20,Четвер,Khmelnytska oblast,Так,61.3,08:00 - 09:00,Балістика (Тилові),25
2022-10-20,Четвер,Ivano-Frankivska oblast,Так,61.3,02:00 - 03:00,Балістика (Тилові),26
2022-10-20,Четвер,Chernivetska oblast,Так,54.8,02:00 - 03:00,Балістика (Тилові),24
2022-10-20,Четвер,Zakarpatska oblast,Так,54.8,02:00 - 03:00,Балістика (Тилові),24
2022-10-20,Четвер,Khersonska oblast,Так,35.5,13:00 - 14:00,Обстріл / Швидка балістика,25
2022-10-21,П'ятниця,Donetska oblast,Так,100.0,10:00 - 11:00,Обстріл / Швидка балістика,22
2022-10-21,П'ятниця,Dnipropetrovska oblast,Так,100.0,14:00 - 15:00,Обстріл / Швидка балістика,24
2022-10-21,П'ятниця,Kharkivska oblast,Так,100.0,10:00 - 11:00,Обстріл / Швидка балістика,24
2022-10-21,П'ятниця,Zaporizka oblast,Так,100.0,21:00 - 22:00,Крилаті ракети / МіГ,60
2022-10-21,П'ятниця,Mykolaivska oblast,Так,96.8,21:00 - 22:00,Крилаті ракети / МіГ,57
2022-10-21,П'ятниця,Poltavska oblast,Так,90.3,10:00 - 11:00,Балістика (Тилові),25
2022-10-21,П'ятниця,Odeska oblast,Так,87.1,08:00 - 09:00,Обстріл / Швидка балістика,25
2022-10-21,П'ятниця,Cherkaska oblast,Так,83.9,10:00 - 11:00,Балістика (Тилові),24
2022-10-21,П'ятниця,Kirovohradska oblast,Так,83.9,10:00 - 11:00,Балістика (Тилові),24
2022-10-21,П'ятниця,Chernihivska oblast,Так,80.6,10:00 - 11:00,Обстріл / Швидка балістика,24
2022-10-21,П'ятниця,Kyivska oblast,Так,77.4,10:00 - 11:00,Балістика (Тилові),24
2022-10-21,П'ятниця,Sumska oblast,Так,77.4,10:00 - 11:00,Обстріл / Швидка балістика,27
2022-10-21,П'ятниця,Kyiv City,Так,74.2,10:00 - 11:00,Балістика (Тилові),24
2022-10-21,П'ятниця,Zhytomyrska oblast,Так,71.0,10:00 - 11:00,Балістика (Тилові),23
2022-10-21,П'ятниця,Vinnytska oblast,Так,67.7,10:00 - 11:00,Балістика (Тилові),23
2022-10-21,П'ятниця,Khmelnytska oblast,Так,58.1,07:00 - 08:00,Крилаті ракети / МіГ,61
2022-10-21,П'ятниця,Rivnenska oblast,Так,51.6,07:00 - 08:00,Крилаті ракети / МіГ,60
2022-10-21,П'ятниця,Volynska oblast,Так,48.4,07:00 - 08:00,Крилаті ракети / МіГ,59
2022-10-21,П'ятниця,Ternopilska oblast,Так,48.4,07:00 - 08:00,Крилаті ракети / МіГ,61
2022-10-21,П'ятниця,Ivano-Frankivska oblast,Так,45.2,07:00 - 08:00,Крилаті ракети / МіГ,60
2022-10-21,П'ятниця,Lvivska oblast,Так,45.2,07:00 - 08:00,Крилаті ракети / МіГ,60
2022-10-21,П'ятниця,Chernivetska oblast,Так,41.9,07:00 - 08:00,Крилаті ракети / МіГ,61
2022-10-21,П'ятниця,Zakarpatska oblast,Так,41.9,07:00 - 08:00,Крилаті ракети / МіГ,62
2022-10-21,П'ятниця,Khersonska oblast,Так,35.5,08:00 - 09:00,Обстріл / Швидка балістика,25
2022-10-22,Субота,Mykolaivska oblast,Так,100.0,11:00 - 12:00,Обстріл / Швидка балістика,26
2022-10-22,Субота,Donetska oblast,Так,100.0,21:00 - 22:00,Обстріл / Швидка балістика,22
2022-10-22,Субота,Dnipropetrovska oblast,Так,100.0,05:00 - 06:00,Обстріл / Швидка балістика,24
2022-10-22,Субота,Kharkivska oblast,Так,100.0,21:00 - 22:00,Обстріл / Швидка балістика,24
2022-10-22,Субота,Zaporizka oblast,Так,100.0,21:00 - 22:00,Крилаті ракети / МіГ,60
2022-10-22,Субота,Kirovohradska oblast,Так,93.5,11:00 - 12:00,Балістика (Тилові),24
2022-10-22,Субота,Odeska oblast,Так,93.5,22:00 - 23:00,Обстріл / Швидка балістика,25
2022-10-22,Субота,Poltavska oblast,Так,87.1,11:00 - 12:00,Крилаті ракети / МіГ,60
2022-10-22,Субота,Cherkaska oblast,Так,83.9,11:00 - 12:00,Крилаті ракети / МіГ,61
2022-10-22,Субота,Sumska oblast,Так,77.4,09:00 - 10:00,Крилаті ракети / МіГ,61
2022-10-22,Субота,Vinnytska oblast,Так,71.0,01:00 - 02:00,Балістика (Тилові),23
2022-10-22,Субота,Zhytomyrska oblast,Так,71.0,01:00 - 02:00,Балістика (Тилові),23
2022-10-22,Субота,Kyivska oblast,Так,67.7,01:00 - 02:00,Балістика (Тилові),24
2022-10-22,Субота,Kyiv City,Так,67.7,01:00 - 02:00,Балістика (Тилові),24
2022-10-22,Субота,Chernihivska oblast,Так,67.7,09:00 - 10:00,Крилаті ракети / МіГ,62
2022-10-22,Субота,Khmelnytska oblast,Так,64.5,04:00 - 05:00,Комбінована атака,250
2022-10-22,Субота,Ivano-Frankivska oblast,Так,64.5,04:00 - 05:00,Балістика (Тилові),26
2022-10-22,Субота,Rivnenska oblast,Так,64.5,04:00 - 05:00,Балістика (Тилові),24
2022-10-22,Субота,Volynska oblast,Так,64.5,04:00 - 05:00,Балістика (Тилові),24
2022-10-22,Субота,Ternopilska oblast,Так,64.5,04:00 - 05:00,Балістика (Тилові),24
2022-10-22,Субота,Lvivska oblast,Так,61.3,04:00 - 05:00,Балістика (Тилові),26
2022-10-22,Субота,Chernivetska oblast,Так,58.1,04:00 - 05:00,Комбінована атака,294
2022-10-22,Субота,Zakarpatska oblast,Так,58.1,04:00 - 05:00,Балістика (Тилові),24
2022-10-22,Субота,Khersonska oblast,Так,32.3,22:00 - 23:00,Обстріл / Швидка балістика,25
